step,train/teacher_ssp_loss,train/teacher_ssp_acc,val/teacher_ssp_loss,val/teacher_ssp_acc,train/ce_loss,train/kd_loss,train/tf_loss,train/ss_loss,train/cls_acc,train/ss_acc,val/ce_loss,val/cls_acc
1,3.414360523223877,63.86466598510742,,,3.9472124576568604,11.077081680297852,5.203408241271973,0.05126476660370827,10.723999977111816,78.11266326904297,,
2,3.385836124420166,68.21733093261719,,,2.799816608428955,7.508311748504639,3.6237478256225586,0.03029610589146614,28.75200080871582,87.23133087158203,,
3,3.3821587562561035,69.5566635131836,,,2.1659250259399414,5.569274425506592,2.863896131515503,0.02308562397956848,42.347999572753906,88.27532958984375,,
4,3.378772020339966,70.00599670410156,,,1.8378905057907104,4.601321697235107,2.513676643371582,0.02039879374206066,49.737998962402344,88.0479965209961,,
5,3.3781991004943848,70.17799377441406,3.359468936920166,74.38333129882812,1.6593670845031738,4.067702770233154,2.3015568256378174,0.019009457901120186,53.88199996948242,87.54466247558594,2.0483407974243164,48.43000030517578
6,3.376570224761963,70.1346664428711,,,1.5448933839797974,3.7085602283477783,2.1757237911224365,0.018180524930357933,56.55400085449219,87.04999542236328,,
7,3.3762364387512207,70.16199493408203,,,1.4722669124603271,3.4839389324188232,2.0929245948791504,0.017832063138484955,58.40800094604492,86.71199798583984,,
8,3.374972105026245,70.56133270263672,,,1.4144728183746338,3.3321828842163086,2.037789821624756,0.017414811998605728,59.67599868774414,86.5739974975586,,
9,3.3752923011779785,70.60799407958984,,,1.376601219177246,3.2025763988494873,1.9905965328216553,0.017103297635912895,60.63199996948242,86.35333251953125,,
10,3.3754851818084717,70.2959976196289,3.35831356048584,74.9566650390625,1.3433645963668823,3.1404941082000732,1.9678510427474976,0.01703859679400921,61.61000061035156,86.11466217041016,2.025418996810913,51.459999084472656
11,3.374037504196167,70.70199584960938,,,1.321755290031433,3.0638673305511475,1.936680793762207,0.01679285801947117,62.0260009765625,86.23799896240234,,
12,3.3738439083099365,70.79466247558594,,,1.2980430126190186,2.969501256942749,1.895354151725769,0.016564859077334404,62.641998291015625,86.07999420166016,,
13,3.3735454082489014,70.79399871826172,,,1.2832117080688477,2.939255952835083,1.8844667673110962,0.016502151265740395,63.00400161743164,85.87066650390625,,
14,3.3714914321899414,71.10466766357422,,,1.2760894298553467,2.9279685020446777,1.8717153072357178,0.016196560114622116,62.91999816894531,86.11933135986328,,
15,3.3718390464782715,70.92333221435547,3.3590214252471924,75.41666412353516,1.2528623342514038,2.8604633808135986,1.855502963066101,0.01622149348258972,63.630001068115234,85.91866302490234,1.9250558614730835,52.66999816894531
16,3.3721868991851807,71.42333221435547,,,1.248426079750061,2.855567455291748,1.848633050918579,0.016223082318902016,63.91600036621094,85.69132995605469,,
17,3.370865821838379,71.41866302490234,,,1.2367651462554932,2.8113017082214355,1.8344513177871704,0.01611243560910225,63.97600173950195,85.87666320800781,,
18,3.37211275100708,71.1373291015625,,,1.2366793155670166,2.8096299171447754,1.8347387313842773,0.016183719038963318,64.00800323486328,86.01933288574219,,
19,3.371335506439209,71.43799591064453,,,1.2290409803390503,2.7921125888824463,1.822955846786499,0.016074126586318016,64.40399932861328,85.71133422851562,,
20,3.37215256690979,71.0893325805664,3.3536763191223145,74.73666381835938,1.2103521823883057,2.755748987197876,1.8083349466323853,0.015871290117502213,64.87200164794922,85.84266662597656,1.5965280532836914,59.66999816894531
21,3.3711800575256348,71.31466674804688,,,1.2069895267486572,2.7363100051879883,1.8070354461669922,0.015950452536344528,64.63999938964844,85.89866638183594,,
22,3.3716232776641846,71.5566635131836,,,1.1969105005264282,2.7137250900268555,1.7923672199249268,0.01571975089609623,65.16400146484375,85.68199920654297,,
23,3.369966983795166,71.913330078125,,,1.2031337022781372,2.7252213954925537,1.8005530834197998,0.015883998945355415,65.15599822998047,85.56999969482422,,
24,3.3714606761932373,71.43399810791016,,,1.1913710832595825,2.692291021347046,1.7796926498413086,0.0157025046646595,65.56800079345703,85.47733306884766,,
25,3.3709299564361572,71.53333282470703,3.355780839920044,75.93999481201172,1.1860575675964355,2.6843984127044678,1.77870512008667,0.015735600143671036,65.52799987792969,85.71599578857422,1.708325982093811,56.380001068115234
26,3.370983123779297,71.77932739257812,,,1.1915252208709717,2.6857306957244873,1.7772608995437622,0.015577061101794243,65.56600189208984,85.7546615600586,,
27,3.3692920207977295,71.9699935913086,,,1.1891621351242065,2.68125319480896,1.779109001159668,0.015811992809176445,65.36799621582031,85.37332916259766,,
28,3.370033025741577,71.77133178710938,,,1.1755950450897217,2.655174732208252,1.7664307355880737,0.01572139747440815,65.81199645996094,85.6240005493164,,
29,3.369497299194336,71.95800018310547,,,1.1761574745178223,2.663168430328369,1.7708624601364136,0.01561405323445797,65.73200225830078,85.55266571044922,,
30,3.3702917098999023,71.8413314819336,3.3599772453308105,75.89999389648438,1.167569637298584,2.6433000564575195,1.7642213106155396,0.01550456415861845,66.06999969482422,85.628662109375,1.7242540121078491,57.61000061035156
31,3.360300302505493,73.28599548339844,,,1.1739587783813477,2.643784284591675,1.7750482559204102,0.015736129134893417,65.75599670410156,85.71866607666016,,
32,3.359431266784668,73.7806625366211,,,1.1656752824783325,2.615631341934204,1.7399479150772095,0.015470060519874096,66.06999969482422,85.64666748046875,,
33,3.359379768371582,73.88666534423828,,,1.1657730340957642,2.61506724357605,1.7529419660568237,0.015522410161793232,65.9020004272461,85.82132720947266,,
34,3.3588926792144775,74.17133331298828,,,1.1629515886306763,2.6133737564086914,1.748836874961853,0.015454194508492947,66.06800079345703,85.5260009765625,,
35,3.3589284420013428,74.34466552734375,3.3445820808410645,78.20333099365234,1.1581472158432007,2.590329885482788,1.73753821849823,0.015396988950669765,66.1500015258789,85.66866302490234,1.5982811450958252,59.72999954223633
36,3.3586630821228027,74.3239974975586,,,1.1586350202560425,2.5955841541290283,1.7376651763916016,0.01540499646216631,66.14600372314453,85.76466369628906,,
37,3.358705520629883,74.44066619873047,,,1.1601637601852417,2.590782642364502,1.731566071510315,0.015344740822911263,66.0979995727539,85.9106674194336,,
38,3.35792875289917,74.42266082763672,,,1.1541545391082764,2.57330322265625,1.7351263761520386,0.015437588095664978,66.25199890136719,85.34333038330078,,
39,3.358588218688965,74.48600006103516,,,1.1460775136947632,2.5741496086120605,1.7284340858459473,0.015387047082185745,66.56199645996094,85.42533111572266,,
40,3.358112096786499,74.42932891845703,3.3432793617248535,78.09666442871094,1.153461217880249,2.5777859687805176,1.7259994745254517,0.015318128280341625,66.15799713134766,85.63666534423828,1.4595496654510498,61.880001068115234
41,3.3588287830352783,74.40533447265625,,,1.149680256843567,2.5575833320617676,1.7177461385726929,0.01527499035000801,66.3239974975586,85.58200073242188,,
42,3.359123706817627,74.64533233642578,,,1.1482748985290527,2.568201780319214,1.7259858846664429,0.015282242558896542,66.33200073242188,85.62266540527344,,
43,3.358613967895508,74.39533233642578,,,1.143911361694336,2.5550179481506348,1.7201287746429443,0.015226134099066257,66.58599853515625,85.70399475097656,,
44,3.358177661895752,74.55066680908203,,,1.1463700532913208,2.556861162185669,1.7218413352966309,0.015327258966863155,66.60399627685547,85.54399871826172,,
45,3.3591551780700684,74.6153335571289,3.343698263168335,78.32333374023438,1.1404221057891846,2.549755096435547,1.7180477380752563,0.015245860442519188,66.68000030517578,85.86199951171875,1.585014820098877,60.25
46,3.3564023971557617,74.83200073242188,,,1.1521191596984863,2.550607204437256,1.7305904626846313,0.015337533317506313,66.35399627685547,85.67333221435547,,
47,3.355931282043457,74.99666595458984,,,1.1362794637680054,2.535839557647705,1.714263916015625,0.015257159247994423,66.71199798583984,85.62799835205078,,
48,3.3559768199920654,74.7613296508789,,,1.144810438156128,2.546842098236084,1.7186741828918457,0.015301303938031197,66.56999969482422,85.5806655883789,,
49,3.3561506271362305,74.947998046875,,,1.1489794254302979,2.5403802394866943,1.7147369384765625,0.015233627520501614,66.55599975585938,85.73466491699219,,
50,3.3557240962982178,74.7439956665039,3.341722249984741,78.54666137695312,1.14125394821167,2.5406572818756104,1.7107925415039062,0.015217315405607224,66.72799682617188,85.64533233642578,1.9928289651870728,54.599998474121094
51,3.356771945953369,74.90332794189453,,,1.134682059288025,2.528257131576538,1.7144849300384521,0.015145842917263508,66.61199951171875,85.65599822998047,,
52,3.3563730716705322,75.0979995727539,,,1.1396558284759521,2.5313854217529297,1.7079213857650757,0.015289141796529293,66.67400360107422,85.43799591064453,,
53,3.3560845851898193,74.78133392333984,,,1.130275011062622,2.5145912170410156,1.707125186920166,0.015232894569635391,66.92400360107422,85.7526626586914,,
54,3.3561339378356934,74.93666076660156,,,1.1346218585968018,2.515279531478882,1.7074576616287231,0.015170940198004246,66.87000274658203,85.5853271484375,,
55,3.3565566539764404,74.92333221435547,3.341531991958618,78.53666687011719,1.1358956098556519,2.52290940284729,1.712013840675354,0.01522048283368349,66.80000305175781,85.58466339111328,1.674838900566101,58.97999954223633
56,3.3561885356903076,75.08332824707031,,,1.1219911575317383,2.4926013946533203,1.7014127969741821,0.015127662569284439,67.05000305175781,85.71599578857422,,
57,3.3560941219329834,75.07333374023438,,,1.1317635774612427,2.504896879196167,1.7000945806503296,0.015256613492965698,66.83599853515625,85.26532745361328,,
58,3.3558599948883057,75.02732849121094,,,1.1288890838623047,2.5093133449554443,1.69898521900177,0.014981941320002079,66.98200225830078,85.7373275756836,,
59,3.3560545444488525,74.81666564941406,,,1.131770372390747,2.508105516433716,1.702548623085022,0.015218486078083515,66.84200286865234,85.45466613769531,,
60,3.3560197353363037,74.81266784667969,3.3417139053344727,78.6199951171875,1.1272801160812378,2.503450870513916,1.7015901803970337,0.015156164765357971,66.77799987792969,85.50333404541016,1.770975112915039,57.400001525878906
61,,,,,1.133258581161499,2.5003578662872314,1.700758695602417,0.015174003317952156,66.8759994506836,85.44400024414062,,
62,,,,,1.1283254623413086,2.485250949859619,1.6833118200302124,0.014961089007556438,66.81199645996094,85.69132995605469,,
63,,,,,1.123698115348816,2.4858243465423584,1.6939260959625244,0.015068935230374336,66.94400024414062,85.69066619873047,,
64,,,,,1.119551420211792,2.486152172088623,1.6927707195281982,0.015058730728924274,66.9739990234375,85.68733215332031,,
65,,,,,1.124925971031189,2.4937477111816406,1.6907426118850708,0.015074481256306171,67.04399871826172,85.66133117675781,1.728294014930725,58.40999984741211
66,,,,,1.1274096965789795,2.4804606437683105,1.6894595623016357,0.015054067596793175,66.9000015258789,85.38533020019531,,
67,,,,,1.1187573671340942,2.4830856323242188,1.6870250701904297,0.015022306703031063,67.31800079345703,85.74866485595703,,
68,,,,,1.1205295324325562,2.4718985557556152,1.6853638887405396,0.015010969713330269,67.00199890136719,85.63399505615234,,
69,,,,,1.126473069190979,2.4782543182373047,1.6908048391342163,0.015012568794190884,66.99800109863281,85.5893325805664,,
70,,,,,1.1148159503936768,2.4760003089904785,1.691067099571228,0.014985703863203526,67.23999786376953,85.39533233642578,1.6289637088775635,58.630001068115234
71,,,,,1.1073042154312134,2.450261354446411,1.6769859790802002,0.014990593306720257,67.51000213623047,85.29733276367188,,
72,,,,,1.117289423942566,2.461778402328491,1.6780006885528564,0.014994283206760883,67.18800354003906,85.48332977294922,,
73,,,,,1.119074821472168,2.477795124053955,1.6840485334396362,0.014947431161999702,67.08599853515625,85.49866485595703,,
74,,,,,1.115857481956482,2.4478647708892822,1.6720274686813354,0.014899308793246746,67.22599792480469,85.6173324584961,,
75,,,,,1.1160744428634644,2.446143388748169,1.673677682876587,0.014945228584110737,67.1500015258789,85.58999633789062,1.7111297845840454,57.66999816894531
76,,,,,1.1164066791534424,2.468449115753174,1.67927086353302,0.014925764873623848,67.2239990234375,85.44866180419922,,
77,,,,,1.1201822757720947,2.4720489978790283,1.6862587928771973,0.014970838092267513,67.16400146484375,85.37066650390625,,
78,,,,,1.1058452129364014,2.433567523956299,1.6730120182037354,0.014981117099523544,67.37200164794922,85.55066680908203,,
79,,,,,1.120717167854309,2.4599661827087402,1.6770952939987183,0.014943322166800499,67.08799743652344,85.5306625366211,,
80,,,,,1.1128044128417969,2.4421870708465576,1.670161485671997,0.01491077896207571,67.23200225830078,85.361328125,1.6215447187423706,59.20000076293945
81,,,,,1.1128185987472534,2.446474075317383,1.6710734367370605,0.01496801432222128,67.55999755859375,85.50199890136719,,
82,,,,,1.1026132106781006,2.4262516498565674,1.6657034158706665,0.014830096624791622,67.54000091552734,85.51200103759766,,
83,,,,,1.113761305809021,2.4553446769714355,1.6733205318450928,0.01499005127698183,67.4800033569336,85.42599487304688,,
84,,,,,1.1128621101379395,2.45219087600708,1.67811918258667,0.014955108053982258,67.25,85.28666687011719,,
85,,,,,1.106592059135437,2.4330859184265137,1.668209433555603,0.014850666746497154,67.42400360107422,85.26933288574219,1.989404559135437,54.939998626708984
86,,,,,1.1072269678115845,2.4476256370544434,1.6748944520950317,0.014971383847296238,67.3759994506836,85.57733154296875,,
87,,,,,1.1107280254364014,2.4305741786956787,1.6689563989639282,0.014884358271956444,67.56199645996094,85.56866455078125,,
88,,,,,1.1161880493164062,2.4599459171295166,1.6762200593948364,0.014948478899896145,67.21399688720703,85.47266387939453,,
89,,,,,1.1108266115188599,2.442920446395874,1.6725484132766724,0.014892681501805782,67.49400329589844,85.45732879638672,,
90,,,,,1.112273931503296,2.4403228759765625,1.6672453880310059,0.01492061372846365,67.37799835205078,85.482666015625,1.8516175746917725,56.040000915527344
91,,,,,1.1139284372329712,2.443866491317749,1.6751099824905396,0.014924827963113785,67.46800231933594,85.42333221435547,,
92,,,,,1.1049518585205078,2.4378833770751953,1.6655689477920532,0.014920682646334171,67.54000091552734,85.30866241455078,,
93,,,,,1.0999135971069336,2.432229518890381,1.6661473512649536,0.014963626861572266,67.802001953125,85.53799438476562,,
94,,,,,1.1034834384918213,2.4297266006469727,1.6598248481750488,0.014930706471204758,67.45999908447266,85.29866027832031,,
95,,,,,1.103204607963562,2.4220848083496094,1.6558148860931396,0.014828009530901909,67.63999938964844,85.49333190917969,1.5634082555770874,60.04999923706055
96,,,,,1.0974504947662354,2.417215585708618,1.6565066576004028,0.014852263033390045,67.72599792480469,85.33599853515625,,
97,,,,,1.0945395231246948,2.408510684967041,1.6545637845993042,0.014772462658584118,67.9540023803711,85.45866394042969,,
98,,,,,1.0975085496902466,2.420424699783325,1.6580615043640137,0.014807041734457016,67.6780014038086,85.38866424560547,,
99,,,,,1.1015665531158447,2.429656505584717,1.665706992149353,0.014978966675698757,67.55000305175781,85.51799774169922,,
100,,,,,1.0956836938858032,2.4161267280578613,1.6550207138061523,0.01478554680943489,67.81600189208984,85.52666473388672,1.7211350202560425,58.290000915527344
101,,,,,1.097476601600647,2.405092477798462,1.6504950523376465,0.014735602773725986,67.75800323486328,85.413330078125,,
102,,,,,1.101306676864624,2.4163293838500977,1.6666613817214966,0.014859240502119064,67.46199798583984,85.2893295288086,,
103,,,,,1.109526515007019,2.423260450363159,1.653853178024292,0.01489888597279787,67.39399719238281,85.50733184814453,,
104,,,,,1.0943723917007446,2.406916379928589,1.6605048179626465,0.014825282618403435,67.7699966430664,85.4913330078125,,
105,,,,,1.0996100902557373,2.4309661388397217,1.6640666723251343,0.01484285481274128,67.76799774169922,85.23666381835938,1.4993972778320312,60.43000030517578
106,,,,,1.0954643487930298,2.4079651832580566,1.6526858806610107,0.014789332635700703,67.89800262451172,85.56800079345703,,
107,,,,,1.105362892150879,2.417043685913086,1.6590384244918823,0.014820788986980915,67.61399841308594,85.54999542236328,,
108,,,,,1.1039161682128906,2.4196672439575195,1.661321997642517,0.01491459272801876,67.60399627685547,85.40399932861328,,
109,,,,,1.102442741394043,2.4303855895996094,1.6596038341522217,0.014796948060393333,67.54199981689453,85.37332916259766,,
110,,,,,1.1005523204803467,2.397387981414795,1.6502768993377686,0.014764373190701008,67.40399932861328,85.46599578857422,1.6750307083129883,59.5
111,,,,,1.097162127494812,2.4108572006225586,1.6490538120269775,0.01477170642465353,67.61199951171875,85.41399383544922,,
112,,,,,1.0893374681472778,2.3929872512817383,1.6420570611953735,0.014723937958478928,67.9219970703125,85.68666076660156,,
113,,,,,1.0967564582824707,2.4028689861297607,1.6513346433639526,0.014687024056911469,67.81600189208984,85.46733093261719,,
114,,,,,1.1033576726913452,2.4199516773223877,1.6493663787841797,0.014746437780559063,67.8759994506836,85.4739990234375,,
115,,,,,1.0965415239334106,2.4072775840759277,1.646626353263855,0.014835909008979797,67.59600067138672,85.31399536132812,1.6895089149475098,58.650001525878906
116,,,,,1.0979629755020142,2.4158382415771484,1.649347186088562,0.014871985651552677,67.59200286865234,85.5393295288086,,
117,,,,,1.0960420370101929,2.401815176010132,1.651827335357666,0.014789309352636337,67.75,85.40999603271484,,
118,,,,,1.0954153537750244,2.395204782485962,1.6551220417022705,0.014808615669608116,67.79399871826172,85.45800018310547,,
119,,,,,1.0976542234420776,2.3997225761413574,1.647796630859375,0.014688377268612385,67.81400299072266,85.46333312988281,,
120,,,,,1.0951459407806396,2.3960211277008057,1.6441212892532349,0.014747393317520618,67.85399627685547,85.5719985961914,1.9869804382324219,55.11000061035156
121,,,,,1.0902905464172363,2.4051573276519775,1.6468636989593506,0.014840427786111832,67.85399627685547,85.3133316040039,,
122,,,,,1.0973236560821533,2.3989861011505127,1.652811884880066,0.014826267026364803,67.51200103759766,85.66399383544922,,
123,,,,,1.0935026407241821,2.3934543132781982,1.6449198722839355,0.014683996327221394,67.97599792480469,85.3653335571289,,
124,,,,,1.093397855758667,2.407754898071289,1.6534132957458496,0.014751382172107697,68.08799743652344,85.54999542236328,,
125,,,,,1.0892550945281982,2.389763593673706,1.6461418867111206,0.01460945699363947,67.78199768066406,85.77666473388672,1.6188510656356812,58.5
126,,,,,1.0955723524093628,2.397472620010376,1.6465568542480469,0.014743627980351448,67.70600128173828,85.4786605834961,,
127,,,,,1.0823404788970947,2.385719060897827,1.641801118850708,0.014763753861188889,67.95800018310547,85.40733337402344,,
128,,,,,1.0966533422470093,2.4007256031036377,1.655114769935608,0.014729805290699005,67.81999969482422,85.44266510009766,,
129,,,,,1.098090410232544,2.394808769226074,1.643460988998413,0.014674990437924862,67.71199798583984,85.62066650390625,,
130,,,,,1.0900487899780273,2.375828981399536,1.6463898420333862,0.01465700939297676,67.98600006103516,85.59466552734375,1.765542984008789,56.38999938964844
131,,,,,1.087736964225769,2.3731744289398193,1.6313600540161133,0.014643223024904728,68.16000366210938,85.5026626586914,,
132,,,,,1.0898046493530273,2.387708902359009,1.6406054496765137,0.014673322439193726,68.07599639892578,85.43199920654297,,
133,,,,,1.0777121782302856,2.378086566925049,1.6434741020202637,0.01467870268970728,68.21399688720703,85.4393310546875,,
134,,,,,1.0846151113510132,2.37070369720459,1.6391607522964478,0.014667277224361897,68.08000183105469,85.4873275756836,,
135,,,,,1.0911970138549805,2.391266345977783,1.6395455598831177,0.014589850790798664,67.74400329589844,85.36933135986328,1.8460637331008911,56.380001068115234
136,,,,,1.095648169517517,2.3955836296081543,1.643929123878479,0.014656055718660355,67.9800033569336,85.5046615600586,,
137,,,,,1.0855705738067627,2.39526629447937,1.637890100479126,0.014733007177710533,67.81800079345703,85.66133117675781,,
138,,,,,1.0913294553756714,2.3839972019195557,1.6423723697662354,0.01467506680637598,67.9520034790039,85.41199493408203,,
139,,,,,1.08456289768219,2.3688292503356934,1.6289143562316895,0.014559640549123287,68.05400085449219,85.54132843017578,,
140,,,,,1.0935637950897217,2.391892433166504,1.6487599611282349,0.0148434704169631,67.86399841308594,85.45532989501953,1.5961570739746094,59.25
141,,,,,1.0876885652542114,2.3789403438568115,1.6402615308761597,0.014672855846583843,68.00199890136719,85.34333038330078,,
142,,,,,1.0961754322052002,2.3902602195739746,1.6400411128997803,0.014721270650625229,67.697998046875,85.50333404541016,,
143,,,,,1.0862491130828857,2.3854823112487793,1.6423312425613403,0.014684360474348068,68.06400299072266,85.56199645996094,,
144,,,,,1.0766072273254395,2.3638710975646973,1.630095362663269,0.014510967768728733,68.2020034790039,85.57466125488281,,
145,,,,,1.0909404754638672,2.3963942527770996,1.6440390348434448,0.014764456078410149,67.87799835205078,85.39799499511719,1.5467172861099243,60.4900016784668
146,,,,,1.0874241590499878,2.3686373233795166,1.6344231367111206,0.014641327783465385,67.95999908447266,85.48999786376953,,
147,,,,,1.0766078233718872,2.370199203491211,1.631617784500122,0.014641824178397655,67.99400329589844,85.53533172607422,,
148,,,,,1.0860469341278076,2.3762786388397217,1.6348438262939453,0.014682648703455925,68.13600158691406,85.66266632080078,,
149,,,,,1.0847684144973755,2.3764145374298096,1.6366857290267944,0.014600276947021484,68.0459976196289,85.3526611328125,,
150,,,,,1.091717004776001,2.3878345489501953,1.6397541761398315,0.014684142544865608,67.97200012207031,85.34532928466797,1.7008047103881836,57.529998779296875
151,,,,,0.8923091888427734,1.7865931987762451,1.2898024320602417,0.011310671456158161,72.85800170898438,87.72332763671875,,
152,,,,,0.8525331616401672,1.6860350370407104,1.2400366067886353,0.010909647680819035,73.90399932861328,88.03199768066406,,
153,,,,,0.8394802808761597,1.649303674697876,1.2232502698898315,0.010777466930449009,74.50800323486328,87.8499984741211,,
154,,,,,0.8279428482055664,1.6356792449951172,1.2156771421432495,0.010760274715721607,74.89800262451172,87.9393310546875,,
155,,,,,0.8245306611061096,1.6153887510299683,1.2097102403640747,0.010692990384995937,75.03800201416016,88.00733184814453,1.1297186613082886,69.38999938964844
156,,,,,0.8181091547012329,1.6043606996536255,1.2092654705047607,0.010646684095263481,74.94200134277344,87.75533294677734,,
157,,,,,0.8144838809967041,1.5927201509475708,1.2015953063964844,0.010592252016067505,75.22799682617188,87.88999938964844,,
158,,,,,0.8150781989097595,1.5932971239089966,1.2004218101501465,0.010577249340713024,74.98600006103516,87.89799499511719,,
159,,,,,0.8081367611885071,1.5908842086791992,1.1982498168945312,0.010568302124738693,75.302001953125,87.62133026123047,,
160,,,,,0.8091167211532593,1.5910176038742065,1.1939184665679932,0.010567357763648033,75.19200134277344,87.75933074951172,1.1449230909347534,69.79000091552734
161,,,,,0.804380476474762,1.5726487636566162,1.1952052116394043,0.010548551566898823,75.35800170898438,87.97733306884766,,
162,,,,,0.8032963275909424,1.5805394649505615,1.1934752464294434,0.010589639656245708,75.3280029296875,87.84866333007812,,
163,,,,,0.7995954751968384,1.577274203300476,1.1922062635421753,0.010539589449763298,75.51599884033203,87.9193344116211,,
164,,,,,0.8018923401832581,1.5717613697052002,1.1868071556091309,0.010529622435569763,75.48200225830078,87.74666595458984,,
165,,,,,0.7954445481300354,1.570970892906189,1.19176185131073,0.010567134246230125,75.41799926757812,87.6326675415039,1.1306712627410889,69.4800033569336
166,,,,,0.7939413189888,1.5643442869186401,1.1934422254562378,0.01054770965129137,75.68599700927734,87.61066436767578,,
167,,,,,0.7938522696495056,1.5693731307983398,1.192002296447754,0.010579418390989304,75.76000213623047,87.77732849121094,,
168,,,,,0.793360710144043,1.5667442083358765,1.1933281421661377,0.010581918992102146,75.59600067138672,87.70399475097656,,
169,,,,,0.7951874136924744,1.5678199529647827,1.1918938159942627,0.010576227679848671,75.45800018310547,87.64733123779297,,
170,,,,,0.7932549118995667,1.5716615915298462,1.1929389238357544,0.010596715845167637,75.6259994506836,87.59732818603516,1.1233168840408325,69.55000305175781
171,,,,,0.7916500568389893,1.5604242086410522,1.1927412748336792,0.0106234485283494,75.75199890136719,87.63932800292969,,
172,,,,,0.7956355810165405,1.5642770528793335,1.1968246698379517,0.010634553618729115,75.58999633789062,87.68399810791016,,
173,,,,,0.7946810722351074,1.572957992553711,1.198189377784729,0.010692348703742027,75.7699966430664,87.60466766357422,,
174,,,,,0.7942482829093933,1.5722556114196777,1.195639967918396,0.010610384866595268,75.79199981689453,87.64266204833984,,
175,,,,,0.7939260005950928,1.5765234231948853,1.2005435228347778,0.010730248875916004,75.8740005493164,87.50199890136719,1.146862506866455,68.91999816894531
176,,,,,0.7948222756385803,1.579369306564331,1.2018665075302124,0.010637355037033558,75.61199951171875,87.54266357421875,,
177,,,,,0.7976006269454956,1.578852891921997,1.201646089553833,0.010753748938441277,75.5719985961914,87.5546646118164,,
178,,,,,0.788911759853363,1.5750315189361572,1.2048759460449219,0.010701308026909828,75.73799896240234,87.47533416748047,,
179,,,,,0.7923071980476379,1.5722672939300537,1.2012397050857544,0.01071205548942089,75.86000061035156,87.50999450683594,,
180,,,,,0.7946587800979614,1.5764714479446411,1.2015905380249023,0.010668017901480198,75.55999755859375,87.33999633789062,1.157807469367981,68.87999725341797
181,,,,,0.7515166997909546,1.4623019695281982,1.1348496675491333,0.010078397579491138,76.95600128173828,87.98866271972656,,
182,,,,,0.7460699081420898,1.44142484664917,1.1258299350738525,0.009965331293642521,77.0719985961914,87.96666717529297,,
183,,,,,0.7491549253463745,1.438307285308838,1.1210781335830688,0.009896645322442055,77.01799774169922,88.01866149902344,,
184,,,,,0.740876317024231,1.4310106039047241,1.1206238269805908,0.009932569228112698,77.27200317382812,87.75132751464844,,
185,,,,,0.7411192655563354,1.4289687871932983,1.118780493736267,0.009928054176270962,77.19400024414062,87.7613296508789,1.0905472040176392,70.31999969482422
186,,,,,0.7406895160675049,1.4331673383712769,1.1178456544876099,0.009924844838678837,77.25599670410156,87.78266143798828,,
187,,,,,0.7412760853767395,1.4261722564697266,1.114928126335144,0.009861156344413757,77.25599670410156,87.9853286743164,,
188,,,,,0.7393670082092285,1.4316765069961548,1.1175568103790283,0.009909541346132755,76.95999908447266,87.78866577148438,,
189,,,,,0.7347201704978943,1.421110987663269,1.1173826456069946,0.009871304966509342,77.44999694824219,87.77266693115234,,
190,,,,,0.7377172112464905,1.4272127151489258,1.1144483089447021,0.009886402636766434,77.3740005493164,87.83332824707031,1.0800483226776123,70.52999877929688
191,,,,,0.7351828813552856,1.4170068502426147,1.1136528253555298,0.009890670888125896,77.36599731445312,87.89933013916016,,
192,,,,,0.7340851426124573,1.4181166887283325,1.114094614982605,0.009878727607429028,77.29199981689453,87.84466552734375,,
193,,,,,0.7385111451148987,1.4152640104293823,1.1119904518127441,0.009847493842244148,77.32599639892578,87.80266571044922,,
194,,,,,0.7329518795013428,1.4165847301483154,1.1134957075119019,0.009903010912239552,77.40599822998047,87.76532745361328,,
195,,,,,0.7380068302154541,1.4197795391082764,1.1180185079574585,0.009928778745234013,77.1760025024414,87.85399627685547,1.0815991163253784,70.5199966430664
196,,,,,0.7348554134368896,1.412280797958374,1.1154289245605469,0.009874200448393822,77.22799682617188,87.77133178710938,,
197,,,,,0.7354617118835449,1.4102473258972168,1.1128946542739868,0.009866819716989994,77.27200317382812,87.83733367919922,,
198,,,,,0.7369364500045776,1.4149640798568726,1.112978458404541,0.00987511221319437,77.19999694824219,87.7719955444336,,
199,,,,,0.734634518623352,1.413219928741455,1.111627221107483,0.009908580221235752,77.39199829101562,87.88333129882812,,
200,,,,,0.735167920589447,1.4151577949523926,1.1169991493225098,0.009906098246574402,77.22599792480469,87.82733154296875,1.0818898677825928,70.70999908447266
201,,,,,0.7316332459449768,1.414017677307129,1.111892819404602,0.009863903746008873,77.2979965209961,87.69266510009766,,
202,,,,,0.7315062284469604,1.4138569831848145,1.1111547946929932,0.009848359040915966,77.35600280761719,87.88066101074219,,
203,,,,,0.7313339710235596,1.4101775884628296,1.1109979152679443,0.00987233966588974,77.47000122070312,87.94866180419922,,
204,,,,,0.7343989610671997,1.4090906381607056,1.1074798107147217,0.009809190407395363,77.23200225830078,87.69266510009766,,
205,,,,,0.7314398288726807,1.4068142175674438,1.1101672649383545,0.009865698404610157,77.3239974975586,87.85333251953125,1.0806206464767456,70.5199966430664
206,,,,,0.7318435907363892,1.4086401462554932,1.109695315361023,0.009804208762943745,77.45800018310547,87.73466491699219,,
207,,,,,0.7347393035888672,1.408499836921692,1.1102700233459473,0.009891138412058353,77.38400268554688,87.86466217041016,,
208,,,,,0.7318724393844604,1.413103461265564,1.1099395751953125,0.009825331158936024,77.27999877929688,87.90666198730469,,
209,,,,,0.7261013984680176,1.4091016054153442,1.1097925901412964,0.009831663221120834,77.69400024414062,87.767333984375,,
210,,,,,0.7294191122055054,1.4046719074249268,1.111820101737976,0.009835327044129372,77.4020004272461,87.67599487304688,1.078873872756958,70.66000366210938
211,,,,,0.7252510190010071,1.391155481338501,1.1031254529953003,0.00976024940609932,77.697998046875,87.83332824707031,,
212,,,,,0.7241618633270264,1.39260733127594,1.1019959449768066,0.009731854312121868,77.64399719238281,87.7613296508789,,
213,,,,,0.7224187850952148,1.3943873643875122,1.104867696762085,0.009788567200303078,77.75,87.97799682617188,,
214,,,,,0.7213690876960754,1.3907437324523926,1.103425145149231,0.009775395505130291,77.53800201416016,87.78133392333984,,
215,,,,,0.7250289916992188,1.3864431381225586,1.0977661609649658,0.009682252071797848,77.5199966430664,87.78466033935547,1.0784761905670166,70.75
216,,,,,0.7227551341056824,1.390668511390686,1.0984556674957275,0.009774305857717991,77.65799713134766,87.80799865722656,,
217,,,,,0.7177067995071411,1.3953341245651245,1.1025173664093018,0.009723767638206482,77.73600006103516,87.86199951171875,,
218,,,,,0.7216348648071289,1.3925195932388306,1.1005949974060059,0.00975105818361044,77.62200164794922,87.75733184814453,,
219,,,,,0.7258865833282471,1.3863314390182495,1.1000208854675293,0.009752359241247177,77.61799621582031,87.9739990234375,,
220,,,,,0.7222077250480652,1.3902580738067627,1.1016814708709717,0.009752620942890644,77.73799896240234,87.8239974975586,1.0754061937332153,70.61000061035156
221,,,,,0.7250115871429443,1.3880013227462769,1.1024001836776733,0.009753663092851639,77.54199981689453,87.8046646118164,,
222,,,,,0.7247955203056335,1.386702537536621,1.0995943546295166,0.009754247963428497,77.64800262451172,87.7719955444336,,
223,,,,,0.7282245755195618,1.3912314176559448,1.1028484106063843,0.009770112112164497,77.55400085449219,87.84732818603516,,
224,,,,,0.7227222323417664,1.3956937789916992,1.1013754606246948,0.009745089337229729,77.552001953125,87.89999389648438,,
225,,,,,0.7280388474464417,1.3910717964172363,1.0998746156692505,0.009731755591928959,77.5459976196289,87.8566665649414,1.0746066570281982,70.73999786376953
226,,,,,0.7239429354667664,1.3862234354019165,1.1002497673034668,0.009724204428493977,77.59400177001953,87.80199432373047,,
227,,,,,0.72115558385849,1.3884977102279663,1.0963983535766602,0.009714797139167786,77.70600128173828,87.63932800292969,,
228,,,,,0.7220279574394226,1.3844363689422607,1.1001651287078857,0.009713751263916492,77.5780029296875,87.7373275756836,,
229,,,,,0.717235267162323,1.3956876993179321,1.097922444343567,0.009717543609440327,77.7699966430664,87.77532958984375,,
230,,,,,0.7247675657272339,1.3850765228271484,1.0995678901672363,0.009717641398310661,77.65799713134766,87.83132934570312,1.0763278007507324,70.63999938964844
231,,,,,0.7232170104980469,1.3916676044464111,1.098454236984253,0.009710474871098995,77.6259994506836,87.88066101074219,,
232,,,,,0.7233775854110718,1.3879585266113281,1.0975090265274048,0.009694201871752739,77.61000061035156,87.92599487304688,,
233,,,,,0.7234355211257935,1.3853404521942139,1.1005942821502686,0.00970772560685873,77.66200256347656,87.70333099365234,,
234,,,,,0.7215265035629272,1.3861453533172607,1.1031497716903687,0.009730774909257889,77.56199645996094,87.66199493408203,,
235,,,,,0.7253817319869995,1.3957971334457397,1.1001380681991577,0.009764082729816437,77.7020034790039,87.64733123779297,1.0749740600585938,70.87000274658203
236,,,,,0.7220504283905029,1.387648344039917,1.1002458333969116,0.00975747313350439,77.84400177001953,87.82466125488281,,
237,,,,,0.7227828502655029,1.3958587646484375,1.1037862300872803,0.009818848222494125,77.51399993896484,87.69132995605469,,
238,,,,,0.7191600203514099,1.3832062482833862,1.0987645387649536,0.009732228703796864,77.80599975585938,87.81466674804688,,
239,,,,,0.7258887887001038,1.395529866218567,1.0988978147506714,0.009748228825628757,77.63400268554688,87.77266693115234,,
240,,,,,0.7229525446891785,1.3933979272842407,1.100053310394287,0.009778222069144249,77.69400024414062,87.73332977294922,1.076119065284729,70.66999816894531
